[
  {
    "id": 1,
    "phone": "+79855889837",
    "items": [
      {
        "id": "p4",
        "name": "Хризантемы микс",
        "price": 2400,
        "qty": 1
      }
    ],
    "promo_code": null,
    "subtotal": 2400,
    "discount": 0,
    "total": 2400,
    "status": "не обработан",
    "created_at": "2026-01-29 14:06"
  },
  {
    "id": 2,
    "phone": "+79855880937",
    "name": "Иван",
    "email": "guralivan@gmail.com",
    "address": "Дыбенко 7/1 кв 630",
    "delivery_time": "",
    "recipient_name": "Иван",
    "recipient_phone": "+79855880937",
    "delivery_id": "mkad",
    "items": [
      {
        "id": "p2",
        "name": "Кустовые розы Бомбастик",
        "price": 3500,
        "qty": 2
      }
    ],
    "promo_code": null,
    "subtotal": 7000,
    "service_fee": 700,
    "delivery_fee": 500,
    "discount": 0,
    "bonus": 0,
    "total": 8200,
    "status": "new",
    "created_at": "2026-01-29 14:53"
  }
]