[
  {
    "id": "p1",
    "name": "Кустовые розы красные",
    "price": 350,
    "category": "Кустовые розы",
    "tags": [
      "Красные",
      "Розовые",
      "Высокие"
    ],
    "description": "Кустовые розы, 60 см, пышный объем.",
    "min_qty": 10,
    "delivery_label": "Доставим сегодня",
    "image": "/assets/p1-1769686027.jpg"
  },
  {
    "id": "p2",
    "name": "Кустовые розы Бомбастик",
    "price": 3500,
    "category": "Кустовые розы",
    "tags": [
      "Розовые",
      "Ароматные",
      "Пионовидные"
    ],
    "description": "Пионовидные розы, ароматные, нежные.",
    "min_qty": 3,
    "delivery_label": null,
    "image": "/assets/p2-1769686086.jpg"
  },
  {
    "id": "p3",
    "name": "Розы белые 60 см",
    "price": 2900,
    "category": "Розы",
    "tags": [
      "Белые",
      "Высокие"
    ],
    "description": "Белые розы 60 см, классика.",
    "min_qty": 5,
    "delivery_label": "Доставим сегодня",
    "image": "/assets/p3-1769686092.jpg"
  },
  {
    "id": "p4",
    "name": "Хризантемы микс",
    "price": 2400,
    "category": "Хризантемы",
    "tags": [
      "Белые",
      "Стойкие"
    ],
    "description": "Хризантемы микс, стойкость 10-14 дней.",
    "min_qty": 1,
    "delivery_label": null,
    "image": "/assets/p4-1769686097.jpg"
  },
  {
    "id": "p5",
    "name": "Зелень для букета",
    "price": 600,
    "category": "Зелень",
    "tags": [
      "Зеленые",
      "Сеты"
    ],
    "description": "Зелень для оформления и акцентов.",
    "min_qty": 1,
    "delivery_label": "Доставим сегодня",
    "image": "/assets/p5-1769686101.jpg"
  },
  {
    "id": "p6",
    "name": "Хвоя декоративная",
    "price": 800,
    "category": "Хвоя",
    "tags": [
      "Зеленые",
      "Ароматные"
    ],
    "description": "Ароматная хвоя для сезонных композиций.",
    "min_qty": 1,
    "delivery_label": null,
    "image": null
  }
]