Дата;Продажи, шт.;Остаток, шт.;Базовая цена, ₽;Скидка, %;СПП, %;Цена с СПП, ₽;Цена с WB Кошельком, ₽;Выручка, ₽;Отзывы, шт.;Рейтинг;Был в рекламе;Был в акции
2025-08-24;0 шт;0;0 ₽;0%;—;0 ₽;0 ₽;0 ₽;0;0,0;Нет;Нет
2025-08-20;0 шт;17;1 548 ₽;32%;—;1 065 ₽;1 043 ₽;0 ₽;1 272;5,0;Нет;Да
2025-08-12;0 шт;17;1 548 ₽;33%;—;1 040 ₽;1 019 ₽;0 ₽;1 269;5,0;Нет;Нет
2025-08-19;0 шт;17;1 548 ₽;33%;—;1 040 ₽;1 019 ₽;0 ₽;1 272;5,0;Нет;Да
2025-08-21;0 шт;17;1 548 ₽;33%;—;1 051 ₽;1 029 ₽;0 ₽;1 272;5,0;Нет;Да
2025-08-22;2 шт;15;1 548 ₽;33%;—;1 051 ₽;1 029 ₽;2 102 ₽;1 272;5,0;Нет;Да
2025-08-23;0 шт;15;1 548 ₽;33%;—;1 051 ₽;1 029 ₽;0 ₽;1 272;5,0;Нет;Да
2025-08-25;0 шт;15;1 548 ₽;33%;—;1 051 ₽;1 029 ₽;0 ₽;1 272;5,0;Нет;Да
2025-08-26;0 шт;15;1 548 ₽;33%;—;1 051 ₽;1 029 ₽;0 ₽;1 272;5,0;Нет;Да
2025-08-05;0 шт;17;1 548 ₽;34%;—;1 027 ₽;1 006 ₽;0 ₽;1 267;5,0;Нет;Нет
2025-08-13;0 шт;17;1 548 ₽;34%;—;1 027 ₽;1 006 ₽;0 ₽;1 270;5,0;Нет;Нет
2025-08-09;0 шт;17;1 548 ₽;35%;—;1 015 ₽;994 ₽;0 ₽;1 270;5,0;Нет;Нет
2025-08-10;0 шт;17;1 548 ₽;35%;—;1 015 ₽;994 ₽;0 ₽;1 270;5,0;Нет;Нет
2025-08-11;0 шт;17;1 548 ₽;35%;—;1 015 ₽;994 ₽;0 ₽;1 270;5,0;Нет;Нет
2025-07-30;1 шт;17;1 548 ₽;35%;—;1 015 ₽;994 ₽;1 015 ₽;1 265;5,0;Нет;Нет
2025-08-18;0 шт;17;1 548 ₽;35%;—;1 015 ₽;994 ₽;0 ₽;1 272;5,0;Нет;Нет
2025-07-11;0 шт;23;1 548 ₽;35%;—;1 015 ₽;994 ₽;0 ₽;1 261;5,0;Нет;Нет
2025-07-13;0 шт;23;1 548 ₽;35%;—;1 015 ₽;994 ₽;0 ₽;1 261;5,0;Нет;Нет
2025-08-03;0 шт;17;1 548 ₽;36%;—;1 002 ₽;981 ₽;0 ₽;1 267;5,0;Нет;Нет
2025-08-06;0 шт;17;1 548 ₽;36%;—;1 002 ₽;981 ₽;0 ₽;1 270;5,0;Нет;Нет
2025-08-07;0 шт;17;1 548 ₽;36%;—;1 002 ₽;981 ₽;0 ₽;1 270;5,0;Нет;Нет
2025-08-08;0 шт;17;1 548 ₽;36%;—;1 002 ₽;981 ₽;0 ₽;1 270;5,0;Нет;Нет
2025-08-16;0 шт;17;1 548 ₽;36%;—;1 003 ₽;982 ₽;0 ₽;1 271;5,0;Нет;Да
2025-08-17;0 шт;17;1 548 ₽;36%;—;1 003 ₽;982 ₽;0 ₽;1 271;5,0;Нет;Да
2025-07-09;0 шт;23;1 548 ₽;36%;—;1 002 ₽;981 ₽;0 ₽;1 261;5,0;Нет;Нет
2025-07-12;0 шт;23;1 548 ₽;36%;—;1 002 ₽;981 ₽;0 ₽;1 261;5,0;Нет;Нет
2025-07-14;2 шт;21;1 548 ₽;36%;—;1 002 ₽;981 ₽;2 004 ₽;1 261;5,0;Нет;Нет
2025-07-15;0 шт;21;1 548 ₽;36%;—;1 002 ₽;981 ₽;0 ₽;1 262;5,0;Нет;Нет
2025-08-01;0 шт;17;1 548 ₽;37%;—;976 ₽;956 ₽;0 ₽;1 265;5,0;Нет;Нет
2025-08-02;0 шт;17;1 548 ₽;37%;—;989 ₽;969 ₽;0 ₽;1 267;5,0;Нет;Нет
2025-08-04;0 шт;17;1 548 ₽;37%;—;989 ₽;969 ₽;0 ₽;1 267;5,0;Нет;Нет
2025-07-19;0 шт;20;1 548 ₽;37%;—;976 ₽;956 ₽;0 ₽;1 264;5,0;Нет;Нет
2025-07-20;1 шт;19;1 548 ₽;37%;—;989 ₽;969 ₽;989 ₽;1 264;5,0;Нет;Нет
2025-07-21;0 шт;19;1 548 ₽;37%;—;989 ₽;969 ₽;0 ₽;1 264;5,0;Нет;Нет
2025-07-22;0 шт;19;1 548 ₽;37%;—;989 ₽;969 ₽;0 ₽;1 265;5,0;Нет;Нет
2025-07-23;0 шт;19;1 548 ₽;37%;—;976 ₽;956 ₽;0 ₽;1 265;5,0;Нет;Нет
2025-07-25;0 шт;19;1 548 ₽;37%;—;976 ₽;956 ₽;0 ₽;1 265;5,0;Нет;Нет
2025-07-26;0 шт;19;1 548 ₽;37%;—;976 ₽;956 ₽;0 ₽;1 265;5,0;Нет;Нет
2025-07-27;1 шт;18;1 548 ₽;37%;—;976 ₽;956 ₽;976 ₽;1 265;5,0;Нет;Нет
2025-08-14;0 шт;17;1 548 ₽;37%;—;990 ₽;970 ₽;0 ₽;1 270;5,0;Нет;Да
2025-07-29;0 шт;18;1 548 ₽;37%;—;989 ₽;969 ₽;0 ₽;1 265;5,0;Нет;Нет
2025-08-15;0 шт;17;1 548 ₽;37%;—;990 ₽;970 ₽;0 ₽;1 271;5,0;Нет;Да
2025-07-31;0 шт;17;1 548 ₽;37%;—;976 ₽;956 ₽;0 ₽;1 265;5,0;Нет;Нет
2025-07-08;2 шт;23;1 548 ₽;37%;—;976 ₽;956 ₽;1 304 ₽;1 256;5,0;Нет;Нет
2025-08-27;2 шт;13;1 548 ₽;37%;—;978 ₽;958 ₽;1 956 ₽;1 273;5,0;Нет;Да
2025-07-10;0 шт;23;1 548 ₽;37%;—;989 ₽;969 ₽;0 ₽;1 261;5,0;Нет;Нет
2025-07-16;0 шт;21;1 548 ₽;37%;—;976 ₽;956 ₽;0 ₽;1 262;5,0;Нет;Нет
2025-07-17;0 шт;21;1 548 ₽;37%;—;976 ₽;956 ₽;0 ₽;1 262;5,0;Нет;Нет
2025-07-24;0 шт;19;1 548 ₽;38%;—;963 ₽;943 ₽;0 ₽;1 265;5,0;Нет;Нет
2025-07-28;0 шт;18;1 548 ₽;38%;—;963 ₽;943 ₽;0 ₽;1 265;5,0;Нет;Нет
2025-07-18;1 шт;20;1 548 ₽;38%;—;963 ₽;943 ₽;963 ₽;1 264;5,0;Нет;Нет
2025-08-28;0 шт;13;1 548 ₽;39%;—;953 ₽;933 ₽;0 ₽;1 274;5,0;Нет;Да
2025-08-29;1 шт;12;1 548 ₽;39%;—;953 ₽;933 ₽;953 ₽;1 274;5,0;Нет;Да
2025-08-30;0 шт;12;1 548 ₽;39%;—;953 ₽;933 ₽;0 ₽;1 274;5,0;Нет;Да
2025-09-02;1 шт;4;1 548 ₽;45%;—;856 ₽;838 ₽;715 ₽;1 275;5,0;Нет;Да
2025-09-09;0 шт;100;1 548 ₽;47%;—;823 ₽;806 ₽;0 ₽;1 279;5,0;Нет;Нет
2025-04-14;4 шт;189;1 555 ₽;47%;—;826 ₽;809 ₽;3 244 ₽;1 212;5,0;Нет;Нет
2025-04-16;9 шт;174;1 555 ₽;47%;—;826 ₽;809 ₽;7 364 ₽;1 213;5,0;Нет;Да
2025-04-21;1 шт;164;1 555 ₽;47%;—;826 ₽;809 ₽;806 ₽;1 213;5,0;Нет;Да
2025-04-24;0 шт;159;1 555 ₽;47%;—;826 ₽;809 ₽;0 ₽;1 217;5,0;Нет;Да
2025-04-13;6 шт;193;1 555 ₽;48%;—;816 ₽;799 ₽;4 896 ₽;1 212;5,0;Нет;Нет
2025-04-22;0 шт;164;1 555 ₽;48%;—;816 ₽;799 ₽;0 ₽;1 217;5,0;Нет;Да
2025-04-25;3 шт;156;1 555 ₽;48%;—;816 ₽;799 ₽;2 448 ₽;1 217;5,0;Нет;Да
2025-04-26;3 шт;153;1 555 ₽;48%;—;816 ₽;799 ₽;2 448 ₽;1 217;5,0;Нет;Да
2025-04-27;1 шт;152;1 555 ₽;48%;—;816 ₽;799 ₽;816 ₽;1 218;5,0;Нет;Да
2025-04-29;2 шт;148;1 555 ₽;48%;—;816 ₽;799 ₽;1 632 ₽;1 218;5,0;Нет;Да
2025-04-11;0 шт;199;1 555 ₽;49%;—;796 ₽;780 ₽;0 ₽;1 209;5,0;Нет;Да
2025-04-12;0 шт;199;1 555 ₽;49%;—;806 ₽;789 ₽;0 ₽;1 209;5,0;Нет;Нет
2025-05-01;2 шт;144;1 555 ₽;49%;—;796 ₽;780 ₽;1 602 ₽;1 218;5,0;Нет;Да
2025-04-15;6 шт;183;1 555 ₽;49%;—;806 ₽;789 ₽;4 856 ₽;1 212;5,0;Нет;Да
2025-04-17;1 шт;173;1 555 ₽;49%;—;806 ₽;789 ₽;826 ₽;1 213;5,0;Нет;Да
2025-04-19;2 шт;169;1 555 ₽;49%;—;796 ₽;780 ₽;1 602 ₽;1 213;5,0;Нет;Да
2025-04-20;4 шт;165;1 555 ₽;49%;—;796 ₽;780 ₽;3 194 ₽;1 213;5,0;Нет;Да
2025-04-23;5 шт;159;1 555 ₽;49%;—;806 ₽;789 ₽;4 030 ₽;1 217;5,0;Нет;Нет
2025-04-28;2 шт;150;1 555 ₽;49%;—;806 ₽;789 ₽;1 612 ₽;1 218;5,0;Нет;Да
2025-09-04;1 шт;1;1 548 ₽;50%;—;780 ₽;764 ₽;845 ₽;1 276;5,0;Нет;Да
2025-05-02;1 шт;143;1 555 ₽;50%;—;786 ₽;770 ₽;826 ₽;1 218;5,0;Нет;Да
2025-05-04;1 шт;140;1 555 ₽;50%;—;786 ₽;770 ₽;786 ₽;1 219;5,0;Нет;Да
2025-04-18;2 шт;171;1 555 ₽;50%;—;786 ₽;770 ₽;1 592 ₽;1 213;5,0;Нет;Да
2024-12-22;2 шт;109;1 551 ₽;50%;—;764 ₽;748 ₽;1 528 ₽;1 119;5,0;Нет;Нет
2024-12-23;0 шт;187;1 551 ₽;50%;—;764 ₽;748 ₽;0 ₽;1 119;5,0;Нет;Нет
2024-12-25;0 шт;185;1 551 ₽;50%;—;764 ₽;748 ₽;0 ₽;1 119;5,0;Нет;Нет
2025-01-01;0 шт;425;1 551 ₽;50%;—;764 ₽;748 ₽;0 ₽;1 127;5,0;Нет;Нет
2024-12-26;6 шт;179;1 551 ₽;50%;—;764 ₽;748 ₽;4 584 ₽;1 120;5,0;Нет;Нет
2025-01-02;2 шт;423;1 551 ₽;50%;—;764 ₽;748 ₽;1 528 ₽;1 128;5,0;Нет;Нет
2024-12-27;2 шт;237;1 551 ₽;50%;—;764 ₽;748 ₽;1 528 ₽;1 120;5,0;Нет;Нет
2025-01-03;2 шт;421;1 551 ₽;50%;—;764 ₽;748 ₽;1 528 ₽;1 130;5,0;Нет;Нет
2024-12-28;4 шт;233;1 551 ₽;50%;—;764 ₽;748 ₽;3 056 ₽;1 120;5,0;Нет;Нет
2025-01-04;0 шт;421;1 551 ₽;50%;—;764 ₽;748 ₽;0 ₽;1 131;5,0;Нет;Нет
2024-12-29;5 шт;228;1 551 ₽;50%;—;764 ₽;748 ₽;3 820 ₽;1 123;5,0;Нет;Нет
2024-12-30;0 шт;228;1 551 ₽;50%;—;764 ₽;748 ₽;0 ₽;1 125;5,0;Нет;Нет
2024-12-31;1 шт;227;1 551 ₽;50%;—;764 ₽;748 ₽;764 ₽;1 127;5,0;Нет;Нет
2025-09-03;2 шт;2;1 548 ₽;51%;—;769 ₽;753 ₽;1 570 ₽;1 275;5,0;Нет;Да
2025-09-05;1 шт;0;1 548 ₽;51%;—;769 ₽;753 ₽;769 ₽;1 276;5,0;Нет;Нет
2025-09-06;0 шт;0;1 548 ₽;51%;—;769 ₽;753 ₽;0 ₽;1 276;5,0;Нет;Нет
2025-09-07;0 шт;0;1 548 ₽;51%;—;769 ₽;753 ₽;0 ₽;1 276;5,0;Нет;Нет
2025-09-08;0 шт;0;1 548 ₽;51%;—;769 ₽;753 ₽;0 ₽;1 277;5,0;Нет;Нет
2024-12-11;2 шт;61;1 551 ₽;51%;—;746 ₽;746 ₽;1 492 ₽;1 111;5,0;Нет;Нет
2024-12-13;2 шт;47;1 551 ₽;51%;—;746 ₽;731 ₽;1 492 ₽;1 112;5,0;Нет;Нет
2024-12-14;1 шт;46;1 551 ₽;51%;—;755 ₽;739 ₽;755 ₽;1 112;5,0;Нет;Нет
2024-12-15;4 шт;42;1 551 ₽;51%;—;755 ₽;739 ₽;3 020 ₽;1 114;5,0;Нет;Нет
2025-05-03;2 шт;141;1 555 ₽;51%;—;776 ₽;760 ₽;1 622 ₽;1 219;5,0;Нет;Да
2024-12-16;1 шт;41;1 551 ₽;51%;—;755 ₽;739 ₽;755 ₽;1 115;5,0;Нет;Нет
2024-12-17;4 шт;37;1 551 ₽;51%;—;746 ₽;731 ₽;2 984 ₽;1 115;5,0;Нет;Нет
2025-05-05;2 шт;138;1 555 ₽;51%;—;766 ₽;750 ₽;1 592 ₽;1 219;5,0;Нет;Да
2024-12-18;0 шт;37;1 551 ₽;51%;—;755 ₽;739 ₽;0 ₽;1 118;5,0;Нет;Нет
2024-12-19;2 шт;35;1 551 ₽;51%;—;755 ₽;739 ₽;1 510 ₽;1 118;5,0;Нет;Нет
2025-05-07;2 шт;132;1 555 ₽;51%;—;776 ₽;760 ₽;1 612 ₽;1 219;5,0;Нет;Да
2024-12-20;3 шт;111;1 551 ₽;51%;—;755 ₽;739 ₽;2 265 ₽;1 119;5,0;Нет;Нет
2025-05-08;2 шт;130;1 555 ₽;51%;—;766 ₽;750 ₽;1 652 ₽;1 221;5,0;Нет;Да
2024-12-21;0 шт;111;1 551 ₽;51%;—;755 ₽;739 ₽;0 ₽;1 119;5,0;Нет;Нет
2024-12-24;2 шт;185;1 551 ₽;51%;—;755 ₽;739 ₽;1 510 ₽;1 119;5,0;Нет;Нет
2025-04-30;2 шт;146;1 555 ₽;51%;—;776 ₽;760 ₽;1 602 ₽;1 218;5,0;Нет;Да
2025-09-10;2 шт;98;1 548 ₽;52%;—;758 ₽;742 ₽;1 516 ₽;1 279;5,0;Нет;Нет
2025-09-11;1 шт;97;1 548 ₽;52%;—;758 ₽;742 ₽;758 ₽;1 279;5,0;Нет;Нет
2025-09-12;1 шт;96;1 548 ₽;52%;—;758 ₽;742 ₽;758 ₽;1 279;5,0;Нет;Нет
2025-09-13;0 шт;96;1 548 ₽;52%;—;758 ₽;742 ₽;0 ₽;1 279;5,0;Нет;Нет
2025-09-14;0 шт;96;1 548 ₽;52%;—;758 ₽;742 ₽;0 ₽;1 279;5,0;Нет;Нет
2025-09-15;1 шт;95;1 548 ₽;52%;—;758 ₽;742 ₽;758 ₽;1 280;5,0;Нет;Нет
2025-03-14;5 шт;112;1 569 ₽;52%;—;768 ₽;752 ₽;3 754 ₽;1 185;5,0;Нет;Нет
2025-09-16;1 шт;94;1 548 ₽;52%;—;758 ₽;742 ₽;758 ₽;1 280;5,0;Нет;Нет
2025-02-02;5 шт;320;1 564 ₽;52%;—;744 ₽;729 ₽;3 720 ₽;1 150;5,0;Нет;Да
2025-03-15;2 шт;110;1 569 ₽;52%;—;768 ₽;752 ₽;1 518 ₽;1 185;5,0;Нет;Нет
2024-12-01;4 шт;107;1 576 ₽;52%;—;743 ₽;743 ₽;2 972 ₽;1 095;5,0;Нет;Нет
2025-01-08;1 шт;415;1 564 ₽;52%;—;744 ₽;729 ₽;744 ₽;1 131;5,0;Нет;Нет
2025-02-03;5 шт;315;1 564 ₽;52%;—;744 ₽;729 ₽;3 720 ₽;1 150;5,0;Нет;Нет
2025-03-16;3 шт;107;1 569 ₽;52%;—;768 ₽;752 ₽;2 304 ₽;1 185;5,0;Нет;Нет
2025-01-09;0 шт;415;1 564 ₽;52%;—;744 ₽;729 ₽;0 ₽;1 132;5,0;Нет;Нет
2025-02-04;3 шт;312;1 564 ₽;52%;—;744 ₽;729 ₽;2 232 ₽;1 151;5,0;Нет;Нет
2025-03-17;3 шт;104;1 569 ₽;52%;—;759 ₽;743 ₽;2 286 ₽;1 187;5,0;Нет;Нет
2025-01-10;4 шт;411;1 564 ₽;52%;—;744 ₽;729 ₽;2 976 ₽;1 134;5,0;Нет;Нет
2025-01-11;4 шт;407;1 564 ₽;52%;—;744 ₽;729 ₽;2 976 ₽;1 136;5,0;Нет;Нет
2025-02-06;3 шт;304;1 564 ₽;52%;—;744 ₽;729 ₽;2 232 ₽;1 153;5,0;Нет;Нет
2025-01-12;0 шт;407;1 564 ₽;52%;—;744 ₽;729 ₽;0 ₽;1 137;5,0;Нет;Нет
2025-01-13;5 шт;402;1 564 ₽;52%;—;744 ₽;729 ₽;3 720 ₽;1 137;5,0;Нет;Нет
2025-01-14;2 шт;400;1 564 ₽;52%;—;744 ₽;729 ₽;1 488 ₽;1 137;5,0;Нет;Да
2024-12-10;4 шт;63;1 551 ₽;52%;—;737 ₽;737 ₽;2 948 ₽;1 110;5,0;Нет;Нет
2024-12-12;2 шт;49;1 551 ₽;52%;—;737 ₽;737 ₽;1 474 ₽;1 112;5,0;Нет;Нет
2025-01-19;3 шт;381;1 564 ₽;52%;—;744 ₽;729 ₽;2 232 ₽;1 140;5,0;Нет;Да
2025-01-20;5 шт;376;1 564 ₽;52%;—;744 ₽;729 ₽;3 720 ₽;1 140;5,0;Нет;Да
2025-01-21;2 шт;374;1 564 ₽;52%;—;744 ₽;729 ₽;1 488 ₽;1 141;5,0;Нет;Да
2025-01-25;4 шт;357;1 564 ₽;52%;—;744 ₽;729 ₽;2 976 ₽;1 143;5,0;Нет;Да
2025-05-06;4 шт;134;1 555 ₽;52%;—;756 ₽;740 ₽;3 174 ₽;1 219;5,0;Нет;Да
2024-11-25;9 шт;43;1 576 ₽;52%;—;753 ₽;753 ₽;6 777 ₽;1 088;5,0;Нет;Нет
2025-01-29;5 шт;334;1 564 ₽;52%;—;744 ₽;729 ₽;3 720 ₽;1 147;5,0;Нет;Да
2024-11-26;4 шт;40;1 576 ₽;52%;—;753 ₽;753 ₽;3 012 ₽;1 089;5,0;Нет;Нет
2025-01-30;5 шт;329;1 564 ₽;52%;—;744 ₽;729 ₽;3 720 ₽;1 147;5,0;Нет;Да
2024-11-27;1 шт;39;1 576 ₽;52%;—;743 ₽;743 ₽;743 ₽;1 090;5,0;Нет;Нет
2025-01-31;1 шт;328;1 564 ₽;52%;—;744 ₽;729 ₽;744 ₽;1 149;5,0;Нет;Да
2024-11-29;4 шт;33;1 576 ₽;52%;—;743 ₽;743 ₽;2 972 ₽;1 093;5,0;Нет;Нет
2024-11-30;1 шт;111;1 576 ₽;52%;—;743 ₽;743 ₽;743 ₽;1 094;5,0;Нет;Нет
2025-01-05;2 шт;419;1 564 ₽;52%;—;744 ₽;729 ₽;1 488 ₽;1 131;5,0;Нет;Нет
2025-01-06;1 шт;418;1 564 ₽;52%;—;744 ₽;729 ₽;744 ₽;1 131;5,0;Нет;Нет
2025-01-07;2 шт;416;1 564 ₽;52%;—;744 ₽;729 ₽;1 488 ₽;1 131;5,0;Нет;Нет
2025-02-01;3 шт;325;1 564 ₽;53%;—;735 ₽;720 ₽;2 205 ₽;1 149;5,0;Нет;Да
2024-12-02;13 шт;94;1 551 ₽;53%;—;719 ₽;719 ₽;9 347 ₽;1 097;5,0;Нет;Да
2025-04-03;8 шт;9;1 555 ₽;53%;—;735 ₽;720 ₽;5 745 ₽;1 200;5,0;Нет;Нет
2024-12-03;6 шт;88;1 551 ₽;53%;—;728 ₽;728 ₽;4 368 ₽;1 098;5,0;Нет;Нет
2025-03-18;3 шт;101;1 569 ₽;53%;—;749 ₽;734 ₽;2 267 ₽;1 188;5,0;Нет;Нет
2024-12-04;7 шт;81;1 551 ₽;53%;—;728 ₽;728 ₽;5 096 ₽;1 101;5,0;Нет;Нет
2024-12-05;3 шт;78;1 551 ₽;53%;—;728 ₽;728 ₽;2 184 ₽;1 104;5,0;Нет;Нет
2024-12-06;2 шт;76;1 551 ₽;53%;—;728 ₽;728 ₽;1 456 ₽;1 107;5,0;Нет;Нет
2024-12-07;5 шт;71;1 551 ₽;53%;—;728 ₽;728 ₽;3 640 ₽;1 107;5,0;Нет;Нет
2025-03-22;6 шт;83;1 555 ₽;53%;—;735 ₽;720 ₽;4 383 ₽;1 189;5,0;Нет;Да
2024-12-08;3 шт;68;1 551 ₽;53%;—;728 ₽;728 ₽;2 184 ₽;1 108;5,0;Нет;Нет
2025-01-15;4 шт;396;1 564 ₽;53%;—;735 ₽;720 ₽;2 940 ₽;1 138;5,0;Нет;Да
2025-02-10;3 шт;283;1 564 ₽;53%;—;735 ₽;720 ₽;2 205 ₽;1 156;5,0;Нет;Нет
2025-03-23;7 шт;76;1 555 ₽;53%;—;735 ₽;720 ₽;5 100 ₽;1 189;5,0;Нет;Да
2024-12-09;1 шт;67;1 551 ₽;53%;—;728 ₽;728 ₽;728 ₽;1 110;5,0;Нет;Нет
2025-01-16;4 шт;392;1 564 ₽;53%;—;735 ₽;720 ₽;2 940 ₽;1 140;5,0;Нет;Да
2025-03-24;7 шт;69;1 555 ₽;53%;—;735 ₽;720 ₽;5 023 ₽;1 190;5,0;Нет;Да
2025-01-17;4 шт;388;1 564 ₽;53%;—;735 ₽;720 ₽;2 940 ₽;1 140;5,0;Нет;Да
2025-02-12;4 шт;270;1 564 ₽;53%;—;726 ₽;711 ₽;2 904 ₽;1 157;5,0;Нет;Нет
2025-03-25;5 шт;64;1 555 ₽;53%;—;735 ₽;720 ₽;3 621 ₽;1 190;5,0;Нет;Да
2025-01-18;4 шт;384;1 564 ₽;53%;—;735 ₽;720 ₽;2 940 ₽;1 140;5,0;Нет;Да
2025-03-27;8 шт;49;1 555 ₽;53%;—;735 ₽;720 ₽;5 722 ₽;1 192;5,0;Нет;Да
2025-03-28;6 шт;43;1 555 ₽;53%;—;735 ₽;720 ₽;4 305 ₽;1 194;5,0;Нет;Да
2025-02-16;0 шт;252;1 564 ₽;53%;—;735 ₽;720 ₽;0 ₽;1 160;5,0;Нет;Нет
2025-03-29;5 шт;38;1 555 ₽;53%;—;735 ₽;720 ₽;3 613 ₽;1 195;5,0;Нет;Да
2025-01-23;4 шт;363;1 564 ₽;53%;—;735 ₽;720 ₽;2 940 ₽;1 141;5,0;Нет;Да
2025-02-18;7 шт;238;1 564 ₽;53%;—;735 ₽;720 ₽;5 145 ₽;1 162;5,0;Нет;Нет
2025-01-24;2 шт;361;1 564 ₽;53%;—;726 ₽;711 ₽;1 452 ₽;1 142;5,0;Нет;Да
2025-02-19;2 шт;236;1 564 ₽;53%;—;726 ₽;711 ₽;1 452 ₽;1 162;5,0;Нет;Нет
2025-03-01;2 шт;187;1 564 ₽;53%;—;726 ₽;711 ₽;1 452 ₽;1 172;5,0;Нет;Нет
2025-02-20;5 шт;231;1 564 ₽;53%;—;726 ₽;711 ₽;3 630 ₽;1 162;5,0;Нет;Нет
2025-01-26;2 шт;355;1 564 ₽;53%;—;735 ₽;720 ₽;1 470 ₽;1 143;5,0;Нет;Да
2025-02-21;2 шт;223;1 564 ₽;53%;—;735 ₽;720 ₽;1 470 ₽;1 163;5,0;Нет;Нет
2025-03-03;8 шт;173;1 564 ₽;53%;—;726 ₽;711 ₽;5 808 ₽;1 173;5,0;Нет;Нет
2025-01-27;7 шт;348;1 564 ₽;53%;—;726 ₽;711 ₽;5 082 ₽;1 145;5,0;Нет;Да
2025-03-04;3 шт;159;1 564 ₽;53%;—;726 ₽;711 ₽;2 178 ₽;1 174;5,0;Нет;Нет
2025-01-28;9 шт;339;1 564 ₽;53%;—;726 ₽;711 ₽;6 534 ₽;1 147;5,0;Нет;Да
2025-03-07;3 шт;146;1 564 ₽;53%;—;726 ₽;711 ₽;2 178 ₽;1 176;5,0;Нет;Нет
2025-02-26;7 шт;201;1 564 ₽;53%;—;726 ₽;711 ₽;5 082 ₽;1 170;5,0;Нет;Нет
2024-11-28;2 шт;37;1 576 ₽;53%;—;734 ₽;734 ₽;1 468 ₽;1 091;5,0;Нет;Нет
2025-03-09;6 шт;135;1 564 ₽;53%;—;726 ₽;711 ₽;4 356 ₽;1 180;5,0;Нет;Нет
2025-02-28;7 шт;189;1 564 ₽;53%;—;726 ₽;711 ₽;5 082 ₽;1 170;5,0;Нет;Нет
2025-03-10;3 шт;132;1 564 ₽;53%;—;726 ₽;711 ₽;2 178 ₽;1 180;5,0;Нет;Нет
2025-03-11;3 шт;129;1 564 ₽;53%;—;726 ₽;711 ₽;2 178 ₽;1 181;5,0;Нет;Нет
2025-09-01;6 шт;5;1 548 ₽;54%;—;715 ₽;700 ₽;4 306 ₽;1 274;5,0;Нет;Да
2025-03-13;6 шт;117;1 564 ₽;54%;—;726 ₽;711 ₽;4 340 ₽;1 185;5,0;Нет;Нет
2025-05-18;2 шт;90;1 549 ₽;54%;—;727 ₽;712 ₽;1 429 ₽;1 226;5,0;Нет;Да
2025-04-01;2 шт;26;1 555 ₽;54%;—;726 ₽;711 ₽;1 434 ₽;1 197;5,0;Нет;Да
2025-04-02;9 шт;17;1 555 ₽;54%;—;726 ₽;711 ₽;6 507 ₽;1 198;5,0;Нет;Да
2025-04-04;9 шт;0;1 555 ₽;54%;—;726 ₽;711 ₽;6 431 ₽;1 201;5,0;Нет;Да
2025-02-05;5 шт;307;1 564 ₽;54%;—;718 ₽;703 ₽;3 590 ₽;1 153;5,0;Нет;Нет
2025-04-05;0 шт;0;1 555 ₽;54%;—;726 ₽;711 ₽;0 ₽;1 202;5,0;Нет;Нет
2025-03-19;3 шт;98;1 555 ₽;54%;—;717 ₽;702 ₽;2 194 ₽;1 189;5,0;Нет;Нет
2025-04-06;0 шт;0;1 555 ₽;54%;—;726 ₽;711 ₽;0 ₽;1 204;5,0;Нет;Нет
2025-02-07;3 шт;301;1 564 ₽;54%;—;709 ₽;694 ₽;2 127 ₽;1 153;5,0;Нет;Нет
2025-04-07;0 шт;0;1 555 ₽;54%;—;726 ₽;711 ₽;0 ₽;1 204;5,0;Нет;Нет
2025-02-08;4 шт;297;1 564 ₽;54%;—;718 ₽;703 ₽;2 872 ₽;1 153;5,0;Нет;Нет
2025-04-08;0 шт;0;1 555 ₽;54%;—;726 ₽;711 ₽;0 ₽;1 205;5,0;Нет;Нет
2025-02-09;11 шт;286;1 564 ₽;54%;—;718 ₽;703 ₽;7 898 ₽;1 153;5,0;Нет;Нет
2025-04-09;0 шт;0;1 555 ₽;54%;—;726 ₽;711 ₽;0 ₽;1 206;5,0;Нет;Нет
2025-04-10;0 шт;0;1 555 ₽;54%;—;726 ₽;711 ₽;0 ₽;1 208;5,0;Нет;Нет
2025-02-11;9 шт;274;1 564 ₽;54%;—;709 ₽;694 ₽;6 381 ₽;1 156;5,0;Нет;Нет
2025-02-13;3 шт;267;1 564 ₽;54%;—;718 ₽;703 ₽;2 154 ₽;1 158;5,0;Нет;Нет
2025-03-26;7 шт;57;1 555 ₽;54%;—;726 ₽;711 ₽;4 987 ₽;1 190;5,0;Нет;Да
2025-02-14;4 шт;263;1 564 ₽;54%;—;718 ₽;703 ₽;2 872 ₽;1 158;5,0;Нет;Нет
2025-02-15;11 шт;252;1 564 ₽;54%;—;709 ₽;694 ₽;7 799 ₽;1 160;5,0;Нет;Нет
2025-01-22;7 шт;367;1 564 ₽;54%;—;718 ₽;718 ₽;5 026 ₽;1 141;5,0;Нет;Да
2025-03-30;5 шт;33;1 555 ₽;54%;—;726 ₽;711 ₽;3 553 ₽;1 196;5,0;Нет;Да
2025-03-31;5 шт;28;1 555 ₽;54%;—;726 ₽;711 ₽;3 594 ₽;1 197;5,0;Нет;Да
2025-03-02;6 шт;181;1 564 ₽;54%;—;718 ₽;703 ₽;4 308 ₽;1 172;5,0;Нет;Нет
2025-02-22;3 шт;220;1 564 ₽;54%;—;718 ₽;703 ₽;2 154 ₽;1 165;5,0;Нет;Нет
2025-02-23;4 шт;216;1 564 ₽;54%;—;709 ₽;694 ₽;2 836 ₽;1 166;5,0;Нет;Нет
2025-03-05;4 шт;155;1 564 ₽;54%;—;718 ₽;703 ₽;2 872 ₽;1 176;5,0;Нет;Нет
2025-02-24;2 шт;214;1 564 ₽;54%;—;718 ₽;703 ₽;1 436 ₽;1 167;5,0;Нет;Нет
2025-03-06;6 шт;149;1 564 ₽;54%;—;718 ₽;703 ₽;4 308 ₽;1 176;5,0;Нет;Нет
2025-02-25;6 шт;208;1 564 ₽;54%;—;718 ₽;703 ₽;4 308 ₽;1 168;5,0;Нет;Нет
2025-03-08;5 шт;141;1 564 ₽;54%;—;718 ₽;703 ₽;3 590 ₽;1 179;5,0;Нет;Нет
2025-02-27;5 шт;196;1 564 ₽;54%;—;718 ₽;703 ₽;3 590 ₽;1 170;5,0;Нет;Нет
2025-03-20;0 шт;98;1 555 ₽;55%;—;700 ₽;686 ₽;0 ₽;1 189;5,0;Нет;Нет
2025-03-21;9 шт;89;1 555 ₽;55%;—;709 ₽;694 ₽;6 381 ₽;1 189;5,0;Нет;Нет
2025-02-17;7 шт;245;1 564 ₽;55%;—;700 ₽;686 ₽;4 900 ₽;1 161;5,0;Нет;Нет
2025-03-12;6 шт;123;1 564 ₽;55%;—;718 ₽;0 ₽;4 324 ₽;1 182;5,0;Нет;Нет
2025-05-17;5 шт;92;1 549 ₽;56%;—;685 ₽;671 ₽;3 443 ₽;1 226;5,0;Нет;Да
2025-06-22;1 шт;82;1 549 ₽;57%;—;669 ₽;655 ₽;677 ₽;1 243;5,0;Нет;Нет
2025-08-31;1 шт;11;1 548 ₽;57%;—;681 ₽;667 ₽;681 ₽;1 274;5,0;Нет;Да
2025-05-19;6 шт;84;1 549 ₽;58%;—;660 ₽;646 ₽;4 255 ₽;1 228;5,0;Нет;Да
2025-07-01;6 шт;48;1 549 ₽;58%;—;652 ₽;638 ₽;3 987 ₽;1 251;5,0;Нет;Нет
2025-05-26;9 шт;16;1 549 ₽;58%;—;652 ₽;638 ₽;5 891 ₽;1 232;5,0;Нет;Да
2025-05-27;4 шт;12;1 549 ₽;58%;—;652 ₽;638 ₽;2 767 ₽;1 232;5,0;Нет;Да
2025-07-05;2 шт;36;1 549 ₽;58%;—;652 ₽;638 ₽;1 304 ₽;1 254;5,0;Нет;Нет
2025-06-23;0 шт;81;1 549 ₽;58%;—;660 ₽;646 ₽;0 ₽;1 244;5,0;Нет;Нет
2025-06-24;3 шт;78;1 549 ₽;58%;—;660 ₽;646 ₽;1 980 ₽;1 245;5,0;Нет;Нет
2025-06-25;7 шт;71;1 549 ₽;58%;—;660 ₽;646 ₽;4 654 ₽;1 245;5,0;Нет;Нет
2025-06-26;2 шт;69;1 549 ₽;58%;—;652 ₽;638 ₽;1 321 ₽;1 247;5,0;Нет;Нет
2025-06-27;5 шт;64;1 549 ₽;58%;—;652 ₽;638 ₽;3 260 ₽;1 247;5,0;Нет;Нет
2025-05-11;3 шт;124;1 549 ₽;58%;—;652 ₽;638 ₽;2 055 ₽;1 224;5,0;Нет;Да
2025-06-29;3 шт;57;1 549 ₽;58%;—;660 ₽;646 ₽;1 989 ₽;1 250;5,0;Нет;Нет
2025-06-30;3 шт;54;1 549 ₽;58%;—;660 ₽;646 ₽;1 981 ₽;1 251;5,0;Нет;Нет
2025-05-13;1 шт;115;1 549 ₽;58%;—;660 ₽;646 ₽;660 ₽;1 225;5,0;Нет;Да
2025-06-01;0 шт;0;1 549 ₽;59%;—;643 ₽;630 ₽;0 ₽;1 233;5,0;Нет;Нет
2025-06-02;0 шт;0;1 549 ₽;59%;—;643 ₽;630 ₽;0 ₽;1 233;5,0;Нет;Нет
2025-05-16;6 шт;97;1 549 ₽;59%;—;644 ₽;631 ₽;4 055 ₽;1 226;5,0;Нет;Да
2025-06-03;0 шт;0;1 549 ₽;59%;—;643 ₽;630 ₽;0 ₽;1 234;5,0;Нет;Нет
2025-06-04;0 шт;0;1 549 ₽;59%;—;643 ₽;630 ₽;0 ₽;1 234;5,0;Нет;Нет
2025-06-05;0 шт;0;1 549 ₽;59%;—;643 ₽;630 ₽;0 ₽;1 235;5,0;Нет;Нет
2025-06-06;0 шт;0;1 549 ₽;59%;—;643 ₽;630 ₽;0 ₽;1 235;5,0;Нет;Нет
2025-06-07;0 шт;0;1 549 ₽;59%;—;643 ₽;630 ₽;0 ₽;1 235;5,0;Нет;Нет
2025-06-08;0 шт;0;1 549 ₽;59%;—;643 ₽;630 ₽;0 ₽;1 236;5,0;Нет;Нет
2025-06-09;0 шт;0;1 549 ₽;59%;—;643 ₽;630 ₽;0 ₽;1 236;5,0;Нет;Нет
2025-06-10;0 шт;0;1 549 ₽;59%;—;643 ₽;630 ₽;0 ₽;1 237;5,0;Нет;Нет
2025-06-11;0 шт;0;1 549 ₽;59%;—;643 ₽;630 ₽;0 ₽;1 238;5,0;Нет;Нет
2025-06-12;0 шт;0;1 549 ₽;59%;—;643 ₽;630 ₽;0 ₽;1 239;5,0;Нет;Нет
2025-07-02;2 шт;46;1 549 ₽;59%;—;644 ₽;631 ₽;1 304 ₽;1 252;5,0;Нет;Нет
2025-06-13;0 шт;0;1 549 ₽;59%;—;643 ₽;630 ₽;0 ₽;1 240;5,0;Нет;Нет
2025-06-14;0 шт;0;1 549 ₽;59%;—;643 ₽;630 ₽;0 ₽;1 240;5,0;Нет;Нет
2025-07-04;6 шт;38;1 549 ₽;59%;—;644 ₽;631 ₽;3 928 ₽;1 254;5,0;Нет;Нет
2025-05-28;12 шт;0;1 549 ₽;59%;—;643 ₽;630 ₽;7 920 ₽;1 232;5,0;Нет;Да
2025-06-15;0 шт;0;1 549 ₽;59%;—;643 ₽;630 ₽;0 ₽;1 240;5,0;Нет;Нет
2025-05-29;0 шт;0;1 549 ₽;59%;—;643 ₽;630 ₽;0 ₽;1 232;5,0;Нет;Нет
2025-06-16;0 шт;0;1 549 ₽;59%;—;643 ₽;630 ₽;0 ₽;1 241;5,0;Нет;Нет
2025-07-06;6 шт;30;1 549 ₽;59%;—;644 ₽;631 ₽;3 864 ₽;1 254;5,0;Нет;Нет
2025-05-30;0 шт;0;1 549 ₽;59%;—;643 ₽;630 ₽;0 ₽;1 232;5,0;Нет;Нет
2025-06-17;0 шт;0;1 549 ₽;59%;—;643 ₽;630 ₽;0 ₽;1 242;5,0;Нет;Нет
2025-05-31;0 шт;0;1 549 ₽;59%;—;643 ₽;630 ₽;0 ₽;1 233;5,0;Нет;Нет
2025-05-09;1 шт;129;1 549 ₽;59%;—;644 ₽;631 ₽;826 ₽;1 221;5,0;Нет;Да
2025-06-28;4 шт;60;1 549 ₽;59%;—;644 ₽;631 ₽;2 624 ₽;1 248;5,0;Нет;Нет
2025-07-03;2 шт;44;1 549 ₽;60%;—;635 ₽;622 ₽;1 304 ₽;1 252;5,0;Нет;Нет
2025-07-07;5 шт;25;1 549 ₽;60%;—;635 ₽;622 ₽;3 252 ₽;1 256;5,0;Нет;Нет
2025-05-12;8 шт;116;1 549 ₽;60%;—;635 ₽;622 ₽;5 241 ₽;1 225;5,0;Нет;Да
2025-05-14;2 шт;113;1 549 ₽;60%;—;627 ₽;614 ₽;1 254 ₽;1 226;5,0;Нет;Да
2025-05-15;10 шт;103;1 549 ₽;60%;—;628 ₽;615 ₽;6 506 ₽;1 226;5,0;Нет;Да
2025-05-20;13 шт;71;1 549 ₽;61%;—;610 ₽;597 ₽;8 431 ₽;1 230;5,0;Нет;Да
2025-05-23;7 шт;40;1 549 ₽;61%;—;610 ₽;597 ₽;4 278 ₽;1 233;5,0;Нет;Да
2025-05-25;8 шт;25;1 549 ₽;61%;—;610 ₽;597 ₽;5 173 ₽;1 232;5,0;Нет;Да
2024-10-11;10 шт;308;1 595 ₽;61%;—;610 ₽;0 ₽;6 100 ₽;1 023;5,0;Нет;Нет
2024-10-13;2 шт;300;1 595 ₽;61%;—;610 ₽;0 ₽;1 220 ₽;1 026;5,0;Нет;Нет
2024-10-14;1 шт;299;1 595 ₽;61%;—;610 ₽;0 ₽;610 ₽;1 027;5,0;Нет;Нет
2025-06-21;5 шт;83;1 549 ₽;61%;—;610 ₽;597 ₽;3 134 ₽;1 243;5,0;Нет;Нет
2024-10-17;2 шт;283;1 595 ₽;61%;—;610 ₽;591 ₽;1 220 ₽;1 029;5,0;Нет;Нет
2024-10-20;8 шт;262;1 595 ₽;61%;—;610 ₽;591 ₽;4 880 ₽;1 030;5,0;Нет;Нет
2025-05-10;2 шт;127;1 549 ₽;61%;—;618 ₽;605 ₽;1 363 ₽;1 223;5,0;Нет;Да
2024-10-01;5 шт;363;1 626 ₽;62%;—;608 ₽;0 ₽;3 040 ₽;1 013;5,0;Нет;Нет
2025-05-21;16 шт;55;1 549 ₽;62%;—;593 ₽;581 ₽;9 158 ₽;1 230;5,0;Нет;Да
2024-11-06;12 шт;187;1 595 ₽;62%;—;596 ₽;578 ₽;7 152 ₽;1 054;5,0;Нет;Нет
2024-10-02;2 шт;361;1 626 ₽;62%;—;608 ₽;0 ₽;1 216 ₽;1 013;5,0;Нет;Нет
2024-10-03;1 шт;360;1 626 ₽;62%;—;608 ₽;0 ₽;608 ₽;1 014;5,0;Нет;Нет
2025-05-24;7 шт;33;1 549 ₽;62%;—;602 ₽;589 ₽;4 362 ₽;1 233;5,0;Нет;Да
2024-10-06;5 шт;347;1 626 ₽;62%;—;608 ₽;0 ₽;3 040 ₽;1 018;5,0;Нет;Нет
2024-10-10;7 шт;318;1 595 ₽;62%;—;602 ₽;0 ₽;4 214 ₽;1 023;5,0;Нет;Да
2025-06-18;0 шт;94;1 549 ₽;62%;—;602 ₽;589 ₽;0 ₽;1 242;5,0;Нет;Нет
2024-10-12;6 шт;302;1 595 ₽;62%;—;602 ₽;0 ₽;3 612 ₽;1 025;5,0;Нет;Нет
2024-09-28;10 шт;379;1 626 ₽;62%;—;615 ₽;0 ₽;6 150 ₽;1 007;5,0;Нет;Нет
2025-06-20;2 шт;88;1 549 ₽;62%;—;593 ₽;581 ₽;1 296 ₽;1 242;5,0;Нет;Нет
2024-10-16;7 шт;285;1 595 ₽;62%;—;602 ₽;583 ₽;4 214 ₽;1 027;5,0;Нет;Нет
2024-10-18;5 шт;278;1 595 ₽;62%;—;595 ₽;577 ₽;2 975 ₽;1 029;5,0;Нет;Нет
2024-10-19;8 шт;270;1 595 ₽;62%;—;602 ₽;583 ₽;4 816 ₽;1 030;5,0;Нет;Нет
2024-10-21;12 шт;250;1 595 ₽;62%;—;596 ₽;578 ₽;7 152 ₽;1 017;5,0;Нет;Да
2024-10-22;4 шт;246;1 595 ₽;62%;—;596 ₽;578 ₽;2 384 ₽;1 017;5,0;Нет;Да
2024-09-16;8 шт;35;1 626 ₽;63%;—;600 ₽;0 ₽;4 800 ₽;995;5,0;Да;Нет
2024-11-05;9 шт;96;1 595 ₽;63%;—;589 ₽;571 ₽;5 301 ₽;1 054;5,0;Нет;Нет
2024-09-17;12 шт;23;1 626 ₽;63%;—;600 ₽;0 ₽;7 200 ₽;995;5,0;Да;Нет
2024-09-18;11 шт;12;1 626 ₽;63%;—;600 ₽;0 ₽;6 600 ₽;996;5,0;Да;Нет
2024-11-07;20 шт;167;1 595 ₽;63%;—;589 ₽;571 ₽;11 780 ₽;1 058;5,0;Нет;Да
2024-09-19;7 шт;5;1 626 ₽;63%;—;600 ₽;0 ₽;4 200 ₽;996;5,0;Да;Нет
2024-11-08;23 шт;144;1 595 ₽;63%;—;589 ₽;571 ₽;13 547 ₽;1 062;5,0;Нет;Да
2024-10-04;3 шт;357;1 626 ₽;63%;—;600 ₽;0 ₽;1 800 ₽;1 014;5,0;Нет;Нет
2024-09-20;5 шт;0;1 626 ₽;63%;—;600 ₽;0 ₽;3 000 ₽;997;5,0;Да;Нет
2024-11-09;9 шт;135;1 595 ₽;63%;—;589 ₽;571 ₽;5 301 ₽;1 064;5,0;Нет;Да
2024-10-05;5 шт;352;1 626 ₽;63%;—;593 ₽;0 ₽;2 965 ₽;1 016;5,0;Нет;Нет
2024-09-21;0 шт;0;1 626 ₽;63%;—;600 ₽;0 ₽;0 ₽;997;5,0;Нет;Нет
2024-11-10;11 шт;123;1 595 ₽;63%;—;589 ₽;571 ₽;6 479 ₽;1 066;5,0;Нет;Да
2024-09-22;0 шт;0;1 626 ₽;63%;—;600 ₽;0 ₽;0 ₽;1 000;5,0;Нет;Нет
2024-11-11;13 шт;110;1 595 ₽;63%;—;589 ₽;571 ₽;7 657 ₽;1 067;5,0;Нет;Да
2024-09-23;0 шт;0;1 626 ₽;63%;—;600 ₽;0 ₽;0 ₽;1 000;5,0;Нет;Нет
2024-11-12;21 шт;89;1 595 ₽;63%;—;589 ₽;571 ₽;12 369 ₽;1 068;5,0;Нет;Да
2024-09-24;0 шт;0;1 626 ₽;63%;—;600 ₽;0 ₽;0 ₽;1 001;5,0;Нет;Нет
2024-11-13;21 шт;68;1 595 ₽;63%;—;575 ₽;557 ₽;12 075 ₽;1 070;5,0;Нет;Да
2024-09-25;0 шт;0;1 626 ₽;63%;—;600 ₽;0 ₽;0 ₽;1 001;5,0;Нет;Нет
2024-11-14;14 шт;54;1 595 ₽;63%;—;589 ₽;571 ₽;8 246 ₽;1 072;5,0;Нет;Да
2024-09-26;0 шт;394;1 626 ₽;63%;—;600 ₽;0 ₽;0 ₽;1 001;5,0;Нет;Нет
2024-11-15;15 шт;39;1 595 ₽;63%;—;582 ₽;564 ₽;8 730 ₽;1 072;5,0;Нет;Да
2024-09-27;5 шт;389;1 626 ₽;63%;—;600 ₽;0 ₽;3 000 ₽;1 003;5,0;Нет;Нет
2024-11-16;14 шт;25;1 595 ₽;63%;—;589 ₽;571 ₽;8 246 ₽;1 076;5,0;Нет;Да
2025-06-19;4 шт;90;1 549 ₽;63%;—;585 ₽;573 ₽;2 340 ₽;1 242;5,0;Нет;Нет
2024-11-17;14 шт;11;1 595 ₽;63%;—;589 ₽;571 ₽;8 246 ₽;1 077;5,0;Нет;Да
2024-09-29;6 шт;373;1 626 ₽;63%;—;600 ₽;0 ₽;3 600 ₽;1 012;5,0;Нет;Нет
2024-11-18;11 шт;0;1 595 ₽;63%;—;582 ₽;564 ₽;6 402 ₽;1 078;5,0;Нет;Да
2024-09-30;5 шт;368;1 626 ₽;63%;—;600 ₽;0 ₽;3 000 ₽;1 012;5,0;Нет;Нет
2024-11-19;0 шт;0;1 595 ₽;63%;—;589 ₽;571 ₽;0 ₽;1 078;5,0;Нет;Нет
2024-10-15;7 шт;292;1 595 ₽;63%;—;588 ₽;570 ₽;4 116 ₽;1 027;5,0;Нет;Нет
2024-11-20;0 шт;0;1 595 ₽;63%;—;575 ₽;557 ₽;0 ₽;1 081;5,0;Нет;Нет
2024-11-21;0 шт;0;1 595 ₽;63%;—;582 ₽;564 ₽;0 ₽;1 084;5,0;Нет;Нет
2024-11-23;0 шт;62;1 595 ₽;63%;—;575 ₽;557 ₽;0 ₽;1 085;5,0;Нет;Нет
2024-10-24;11 шт;226;1 595 ₽;63%;—;589 ₽;571 ₽;6 479 ₽;1 017;5,0;Нет;Да
2024-10-25;7 шт;219;1 595 ₽;63%;—;589 ₽;571 ₽;4 123 ₽;1 017;5,0;Нет;Да
2024-10-26;7 шт;212;1 595 ₽;63%;—;589 ₽;571 ₽;4 123 ₽;1 017;5,0;Нет;Да
2024-11-01;10 шт;140;1 595 ₽;63%;—;589 ₽;571 ₽;5 890 ₽;1 046;5,0;Нет;Нет
2024-10-27;7 шт;205;1 595 ₽;63%;—;589 ₽;571 ₽;4 123 ₽;1 017;5,0;Нет;Нет
2024-11-02;17 шт;123;1 595 ₽;63%;—;589 ₽;571 ₽;10 013 ₽;1 046;5,0;Нет;Нет
2024-10-28;17 шт;188;1 595 ₽;63%;—;589 ₽;571 ₽;10 013 ₽;1 017;5,0;Нет;Нет
2024-11-03;9 шт;114;1 595 ₽;63%;—;589 ₽;571 ₽;5 301 ₽;1 048;5,0;Нет;Нет
2024-10-29;12 шт;177;1 595 ₽;63%;—;575 ₽;557 ₽;6 900 ₽;1 017;5,0;Нет;Нет
2024-11-04;9 шт;105;1 595 ₽;63%;—;589 ₽;571 ₽;5 301 ₽;1 051;5,0;Нет;Нет
2024-10-30;12 шт;165;1 595 ₽;63%;—;589 ₽;571 ₽;7 068 ₽;1 017;5,0;Нет;Нет
2024-10-31;15 шт;150;1 595 ₽;63%;—;589 ₽;571 ₽;8 835 ₽;1 043;5,0;Нет;Нет
2025-05-22;8 шт;47;1 549 ₽;64%;—;560 ₽;548 ₽;4 697 ₽;1 231;5,0;Нет;Да
2024-11-22;0 шт;18;1 595 ₽;64%;—;561 ₽;544 ₽;0 ₽;1 084;5,0;Нет;Нет
2024-11-24;10 шт;52;1 595 ₽;64%;—;568 ₽;550 ₽;5 680 ₽;1 087;5,0;Нет;Да
2024-10-23;9 шт;237;1 595 ₽;64%;—;568 ₽;550 ₽;5 112 ₽;1 017;5,0;Нет;Да
2024-10-07;2 шт;345;1 626 ₽;66%;—;546 ₽;0 ₽;1 092 ₽;1 020;5,0;Нет;Да
2024-10-09;11 шт;325;1 626 ₽;66%;—;546 ₽;0 ₽;6 006 ₽;1 023;5,0;Нет;Да
2024-10-08;9 шт;336;1 626 ₽;67%;—;526 ₽;0 ₽;4 734 ₽;1 021;5,0;Нет;Да
;1 368 шт;;;;;;;913 056 ₽;;;;
;4 шт;;;;;;;2 495 ₽;;;;
;323 дня;;;;;;;;;;;
;4 шт;;;;;;;2 751 ₽;;;;
;;;;;;;;1 034 608 ₽;;;;
;;;;;;;;121 552 ₽;;;;